{
  "page_title": "ЙОКО карти, разработени по проект \"Активно младежко участие чрез овластено лидерство\" (APEL)",
  "deck1": "Свързване чрез емоции",
  "deck2": "Намиране на посока",
  "deck3": "Определяне на силните страни",
  "deck4": "Системно мислене",
  "SELECT_CARDS": "Готово",
  "SELECT": "Избери",
  "SELECT_ALL": "Избери всички",
  "CANCEL_SELECT": "Отмени",
  "ZOOM": "Увеличи",
  "SHOW_ALL": "Покажи всички",
  "POSITION_RESET": "Възстанови подредбата",
  "CLEAR_BOARD": "Наново"
}
