{
  "page_title": "diarc karten werden als Produkt der \"Aktieve Jugendbeteiligung durch Befähigte Führung\" (APEL) project entwickelt",
  "deck1": "Verbindung mit Emotionen",
  "deck2": "Richtungsfindung",
  "deck3": "Planungsstärken",
  "deck4": "Denken in Systemen",
  "SELECT_CARDS": "Fertig",
  "SELECT": "Wählen",
  "SELECT_ALL": "Wählen Sie Alle",
  "CANCEL_SELECT": "Abbrechen",
  "ZOOM": "Zoomen",
  "SHOW_ALL": "Alles zeigen",
  "POSITION_RESET": "Zurück",
  "CLEAR_BOARD": "Bereinigen"
}
