{
  "page_title": "diarc kaarten zijn ontwikkeld als een product van de \"Actieve jeugdparticipatie door empowerment van leiderschap\" (APEL) project",
  "deck1": "Verbinden met emoties",
  "deck2": "Vinden van richting",
  "deck3": "In kaart brengen van krachten",
  "deck4": "In systemen denken",
  "SELECT_CARDS": "Klaar",
  "SELECT": "Selecteer",
  "SELECT_ALL": "Selecteer alles",
  "CANCEL_SELECT": "Annuleren",
  "ZOOM": "Zoom",
  "SHOW_ALL": "Тoon alle",
  "POSITION_RESET": "Reset positie",
  "CLEAR_BOARD": "Opnieuw"
}
