{
  "page_title": "diarc kartice, razvite v okviru projekta \"Aktivna mladinska participacija s pomočjo opolnomočenega vodstva\" (APEL)",
  "deck1": "Povezovanje s ču”stvi",
  "deck2": "Iskane smeri",
  "deck3": "Identificiranje prednosti",
  "deck4": "Sistemsko razmišljanje",
  "SELECT_CARDS": "Izberi karto",
  "SELECT": "Izbriši",
  "SELECT_ALL": "Izberi vse",
  "CANCEL_SELECT": "Prekliči",
  "ZOOM": "Povečava",
  "SHOW_ALL": "Pokaži vse",
  "POSITION_RESET": "Resetiraj",
  "CLEAR_BOARD": "Izbriši postavitev"
}
